"LOCATION","INDICATOR","SUBJECT","MEASURE","FREQUENCY","TIME","Value","Flag Codes"
"AUS","INFANTMORTALITY","TOT","DEATH_1000BIRTH","A","2005",4.9,
"AUS","INFANTMORTALITY","TOT","DEATH_1000BIRTH","A","2006",4.7,
"AUS","INFANTMORTALITY","TOT","DEATH_1000BIRTH","A","2007",4.1,
"AUS","INFANTMORTALITY","TOT","DEATH_1000BIRTH","A","2008",4.1,
"AUS","INFANTMORTALITY","TOT","DEATH_1000BIRTH","A","2009",4.2,
"AUS","INFANTMORTALITY","TOT","DEATH_1000BIRTH","A","2010",4.1,
"AUS","INFANTMORTALITY","TOT","DEATH_1000BIRTH","A","2011",3.8,
"AUS","INFANTMORTALITY","TOT","DEATH_1000BIRTH","A","2012",3.3,
"AUT","INFANTMORTALITY","TOT","DEATH_1000BIRTH","A","2005",4.2,
"AUT","INFANTMORTALITY","TOT","DEATH_1000BIRTH","A","2006",3.6,
"AUT","INFANTMORTALITY","TOT","DEATH_1000BIRTH","A","2007",3.7,
"AUT","INFANTMORTALITY","TOT","DEATH_1000BIRTH","A","2008",3.7,
"AUT","INFANTMORTALITY","TOT","DEATH_1000BIRTH","A","2009",3.8,
"AUT","INFANTMORTALITY","TOT","DEATH_1000BIRTH","A","2010",3.9,
"AUT","INFANTMORTALITY","TOT","DEATH_1000BIRTH","A","2011",3.6,
"AUT","INFANTMORTALITY","TOT","DEATH_1000BIRTH","A","2012",3.2,
"BEL","INFANTMORTALITY","TOT","DEATH_1000BIRTH","A","2005",3.7,
"BEL","INFANTMORTALITY","TOT","DEATH_1000BIRTH","A","2006",4,
"BEL","INFANTMORTALITY","TOT","DEATH_1000BIRTH","A","2007",3.9,
"BEL","INFANTMORTALITY","TOT","DEATH_1000BIRTH","A","2008",3.8,
"BEL","INFANTMORTALITY","TOT","DEATH_1000BIRTH","A","2009",3.5,
"BEL","INFANTMORTALITY","TOT","DEATH_1000BIRTH","A","2010",3.6,
"BEL","INFANTMORTALITY","TOT","DEATH_1000BIRTH","A","2011",3.4,
"BEL","INFANTMORTALITY","TOT","DEATH_1000BIRTH","A","2012",3.8,
"CAN","INFANTMORTALITY","TOT","DEATH_1000BIRTH","A","2005",5.4,
"CAN","INFANTMORTALITY","TOT","DEATH_1000BIRTH","A","2006",5,
"CAN","INFANTMORTALITY","TOT","DEATH_1000BIRTH","A","2007",5.1,
"CAN","INFANTMORTALITY","TOT","DEATH_1000BIRTH","A","2008",5.1,
"CAN","INFANTMORTALITY","TOT","DEATH_1000BIRTH","A","2009",4.9,
"CAN","INFANTMORTALITY","TOT","DEATH_1000BIRTH","A","2010",5,
"CAN","INFANTMORTALITY","TOT","DEATH_1000BIRTH","A","2011",4.9,
"CAN","INFANTMORTALITY","TOT","DEATH_1000BIRTH","A","2012",4.8,
"CZE","INFANTMORTALITY","TOT","DEATH_1000BIRTH","A","2005",3.4,
"CZE","INFANTMORTALITY","TOT","DEATH_1000BIRTH","A","2006",3.3,
"CZE","INFANTMORTALITY","TOT","DEATH_1000BIRTH","A","2007",3.1,
"CZE","INFANTMORTALITY","TOT","DEATH_1000BIRTH","A","2008",2.8,
"CZE","INFANTMORTALITY","TOT","DEATH_1000BIRTH","A","2009",2.9,
"CZE","INFANTMORTALITY","TOT","DEATH_1000BIRTH","A","2010",2.7,
"CZE","INFANTMORTALITY","TOT","DEATH_1000BIRTH","A","2011",2.7,
"CZE","INFANTMORTALITY","TOT","DEATH_1000BIRTH","A","2012",2.6,
"DNK","INFANTMORTALITY","TOT","DEATH_1000BIRTH","A","2005",4.4,
"DNK","INFANTMORTALITY","TOT","DEATH_1000BIRTH","A","2006",3.5,
"DNK","INFANTMORTALITY","TOT","DEATH_1000BIRTH","A","2007",4,
"DNK","INFANTMORTALITY","TOT","DEATH_1000BIRTH","A","2008",4,
"DNK","INFANTMORTALITY","TOT","DEATH_1000BIRTH","A","2009",3.1,
"DNK","INFANTMORTALITY","TOT","DEATH_1000BIRTH","A","2010",3.4,
"DNK","INFANTMORTALITY","TOT","DEATH_1000BIRTH","A","2011",3.5,
"DNK","INFANTMORTALITY","TOT","DEATH_1000BIRTH","A","2012",3.4,
"FIN","INFANTMORTALITY","TOT","DEATH_1000BIRTH","A","2005",3,
"FIN","INFANTMORTALITY","TOT","DEATH_1000BIRTH","A","2006",2.8,
"FIN","INFANTMORTALITY","TOT","DEATH_1000BIRTH","A","2007",2.7,
"FIN","INFANTMORTALITY","TOT","DEATH_1000BIRTH","A","2008",2.6,
"FIN","INFANTMORTALITY","TOT","DEATH_1000BIRTH","A","2009",2.6,
"FIN","INFANTMORTALITY","TOT","DEATH_1000BIRTH","A","2010",2.3,
"FIN","INFANTMORTALITY","TOT","DEATH_1000BIRTH","A","2011",2.4,
"FIN","INFANTMORTALITY","TOT","DEATH_1000BIRTH","A","2012",2.4,
"FRA","INFANTMORTALITY","TOT","DEATH_1000BIRTH","A","2005",3.8,
"FRA","INFANTMORTALITY","TOT","DEATH_1000BIRTH","A","2006",3.8,
"FRA","INFANTMORTALITY","TOT","DEATH_1000BIRTH","A","2007",3.8,
"FRA","INFANTMORTALITY","TOT","DEATH_1000BIRTH","A","2008",3.8,
"FRA","INFANTMORTALITY","TOT","DEATH_1000BIRTH","A","2009",3.9,"B"
"FRA","INFANTMORTALITY","TOT","DEATH_1000BIRTH","A","2010",3.6,
"FRA","INFANTMORTALITY","TOT","DEATH_1000BIRTH","A","2011",3.5,
"FRA","INFANTMORTALITY","TOT","DEATH_1000BIRTH","A","2012",3.5,
"DEU","INFANTMORTALITY","TOT","DEATH_1000BIRTH","A","2005",3.9,
"DEU","INFANTMORTALITY","TOT","DEATH_1000BIRTH","A","2006",3.8,
"DEU","INFANTMORTALITY","TOT","DEATH_1000BIRTH","A","2007",3.9,
"DEU","INFANTMORTALITY","TOT","DEATH_1000BIRTH","A","2008",3.5,
"DEU","INFANTMORTALITY","TOT","DEATH_1000BIRTH","A","2009",3.5,
"DEU","INFANTMORTALITY","TOT","DEATH_1000BIRTH","A","2010",3.4,
"DEU","INFANTMORTALITY","TOT","DEATH_1000BIRTH","A","2011",3.6,
"DEU","INFANTMORTALITY","TOT","DEATH_1000BIRTH","A","2012",3.3,
"GRC","INFANTMORTALITY","TOT","DEATH_1000BIRTH","A","2005",3.8,
"GRC","INFANTMORTALITY","TOT","DEATH_1000BIRTH","A","2006",3.7,
"GRC","INFANTMORTALITY","TOT","DEATH_1000BIRTH","A","2007",3.5,
"GRC","INFANTMORTALITY","TOT","DEATH_1000BIRTH","A","2008",2.7,
"GRC","INFANTMORTALITY","TOT","DEATH_1000BIRTH","A","2009",3.1,
"GRC","INFANTMORTALITY","TOT","DEATH_1000BIRTH","A","2010",3.8,
"GRC","INFANTMORTALITY","TOT","DEATH_1000BIRTH","A","2011",3.4,
"GRC","INFANTMORTALITY","TOT","DEATH_1000BIRTH","A","2012",2.9,
"HUN","INFANTMORTALITY","TOT","DEATH_1000BIRTH","A","2005",6.2,
"HUN","INFANTMORTALITY","TOT","DEATH_1000BIRTH","A","2006",5.7,
"HUN","INFANTMORTALITY","TOT","DEATH_1000BIRTH","A","2007",5.9,
"HUN","INFANTMORTALITY","TOT","DEATH_1000BIRTH","A","2008",5.6,
"HUN","INFANTMORTALITY","TOT","DEATH_1000BIRTH","A","2009",5.1,
"HUN","INFANTMORTALITY","TOT","DEATH_1000BIRTH","A","2010",5.3,
"HUN","INFANTMORTALITY","TOT","DEATH_1000BIRTH","A","2011",4.9,
"HUN","INFANTMORTALITY","TOT","DEATH_1000BIRTH","A","2012",4.9,
"ISL","INFANTMORTALITY","TOT","DEATH_1000BIRTH","A","2005",2.3,
"ISL","INFANTMORTALITY","TOT","DEATH_1000BIRTH","A","2006",1.4,
"ISL","INFANTMORTALITY","TOT","DEATH_1000BIRTH","A","2007",2,
"ISL","INFANTMORTALITY","TOT","DEATH_1000BIRTH","A","2008",2.5,
"ISL","INFANTMORTALITY","TOT","DEATH_1000BIRTH","A","2009",1.8,
"ISL","INFANTMORTALITY","TOT","DEATH_1000BIRTH","A","2010",2.2,
"ISL","INFANTMORTALITY","TOT","DEATH_1000BIRTH","A","2011",0.9,
"ISL","INFANTMORTALITY","TOT","DEATH_1000BIRTH","A","2012",1.1,
"IRL","INFANTMORTALITY","TOT","DEATH_1000BIRTH","A","2005",3.8,
"IRL","INFANTMORTALITY","TOT","DEATH_1000BIRTH","A","2006",3.9,
"IRL","INFANTMORTALITY","TOT","DEATH_1000BIRTH","A","2007",3.2,
"IRL","INFANTMORTALITY","TOT","DEATH_1000BIRTH","A","2008",3.4,
"IRL","INFANTMORTALITY","TOT","DEATH_1000BIRTH","A","2009",3.3,
"IRL","INFANTMORTALITY","TOT","DEATH_1000BIRTH","A","2010",3.6,
"IRL","INFANTMORTALITY","TOT","DEATH_1000BIRTH","A","2011",3.5,
"IRL","INFANTMORTALITY","TOT","DEATH_1000BIRTH","A","2012",3.5,
"ITA","INFANTMORTALITY","TOT","DEATH_1000BIRTH","A","2005",3.3,
"ITA","INFANTMORTALITY","TOT","DEATH_1000BIRTH","A","2006",3.2,
"ITA","INFANTMORTALITY","TOT","DEATH_1000BIRTH","A","2007",3.1,
"ITA","INFANTMORTALITY","TOT","DEATH_1000BIRTH","A","2008",3.1,
"ITA","INFANTMORTALITY","TOT","DEATH_1000BIRTH","A","2009",3.2,
"ITA","INFANTMORTALITY","TOT","DEATH_1000BIRTH","A","2010",3,
"ITA","INFANTMORTALITY","TOT","DEATH_1000BIRTH","A","2011",2.9,
"ITA","INFANTMORTALITY","TOT","DEATH_1000BIRTH","A","2012",2.9,
"JPN","INFANTMORTALITY","TOT","DEATH_1000BIRTH","A","2005",2.8,
"JPN","INFANTMORTALITY","TOT","DEATH_1000BIRTH","A","2006",2.6,
"JPN","INFANTMORTALITY","TOT","DEATH_1000BIRTH","A","2007",2.6,
"JPN","INFANTMORTALITY","TOT","DEATH_1000BIRTH","A","2008",2.6,
"JPN","INFANTMORTALITY","TOT","DEATH_1000BIRTH","A","2009",2.4,
"JPN","INFANTMORTALITY","TOT","DEATH_1000BIRTH","A","2010",2.3,
"JPN","INFANTMORTALITY","TOT","DEATH_1000BIRTH","A","2011",2.3,
"JPN","INFANTMORTALITY","TOT","DEATH_1000BIRTH","A","2012",2.2,
"KOR","INFANTMORTALITY","TOT","DEATH_1000BIRTH","A","2005",4.7,
"KOR","INFANTMORTALITY","TOT","DEATH_1000BIRTH","A","2006",4.1,
"KOR","INFANTMORTALITY","TOT","DEATH_1000BIRTH","A","2007",3.5,
"KOR","INFANTMORTALITY","TOT","DEATH_1000BIRTH","A","2008",3.4,
"KOR","INFANTMORTALITY","TOT","DEATH_1000BIRTH","A","2009",3.2,
"KOR","INFANTMORTALITY","TOT","DEATH_1000BIRTH","A","2010",3.2,
"KOR","INFANTMORTALITY","TOT","DEATH_1000BIRTH","A","2011",3,
"KOR","INFANTMORTALITY","TOT","DEATH_1000BIRTH","A","2012",2.9,
"LUX","INFANTMORTALITY","TOT","DEATH_1000BIRTH","A","2005",2.6,
"LUX","INFANTMORTALITY","TOT","DEATH_1000BIRTH","A","2006",2.5,
"LUX","INFANTMORTALITY","TOT","DEATH_1000BIRTH","A","2007",1.8,
"LUX","INFANTMORTALITY","TOT","DEATH_1000BIRTH","A","2008",1.8,
"LUX","INFANTMORTALITY","TOT","DEATH_1000BIRTH","A","2009",2.5,
"LUX","INFANTMORTALITY","TOT","DEATH_1000BIRTH","A","2010",3.4,
"LUX","INFANTMORTALITY","TOT","DEATH_1000BIRTH","A","2011",4.3,
"LUX","INFANTMORTALITY","TOT","DEATH_1000BIRTH","A","2012",2.5,
"MEX","INFANTMORTALITY","TOT","DEATH_1000BIRTH","A","2005",16.9,
"MEX","INFANTMORTALITY","TOT","DEATH_1000BIRTH","A","2006",16.3,
"MEX","INFANTMORTALITY","TOT","DEATH_1000BIRTH","A","2007",15.7,
"MEX","INFANTMORTALITY","TOT","DEATH_1000BIRTH","A","2008",15.1,
"MEX","INFANTMORTALITY","TOT","DEATH_1000BIRTH","A","2009",14.6,
"MEX","INFANTMORTALITY","TOT","DEATH_1000BIRTH","A","2010",14.1,
"MEX","INFANTMORTALITY","TOT","DEATH_1000BIRTH","A","2011",13.7,
"MEX","INFANTMORTALITY","TOT","DEATH_1000BIRTH","A","2012",13.3,
"NLD","INFANTMORTALITY","TOT","DEATH_1000BIRTH","A","2005",4.9,
"NLD","INFANTMORTALITY","TOT","DEATH_1000BIRTH","A","2006",4.4,
"NLD","INFANTMORTALITY","TOT","DEATH_1000BIRTH","A","2007",4.1,
"NLD","INFANTMORTALITY","TOT","DEATH_1000BIRTH","A","2008",3.8,
"NLD","INFANTMORTALITY","TOT","DEATH_1000BIRTH","A","2009",3.8,
"NLD","INFANTMORTALITY","TOT","DEATH_1000BIRTH","A","2010",3.8,
"NLD","INFANTMORTALITY","TOT","DEATH_1000BIRTH","A","2011",3.6,
"NLD","INFANTMORTALITY","TOT","DEATH_1000BIRTH","A","2012",3.7,
"NZL","INFANTMORTALITY","TOT","DEATH_1000BIRTH","A","2005",5,
"NZL","INFANTMORTALITY","TOT","DEATH_1000BIRTH","A","2006",5.1,
"NZL","INFANTMORTALITY","TOT","DEATH_1000BIRTH","A","2007",4.8,
"NZL","INFANTMORTALITY","TOT","DEATH_1000BIRTH","A","2008",5,
"NZL","INFANTMORTALITY","TOT","DEATH_1000BIRTH","A","2009",5.2,
"NZL","INFANTMORTALITY","TOT","DEATH_1000BIRTH","A","2010",5.5,
"NZL","INFANTMORTALITY","TOT","DEATH_1000BIRTH","A","2011",5.2,
"NZL","INFANTMORTALITY","TOT","DEATH_1000BIRTH","A","2012",4.7,
"NOR","INFANTMORTALITY","TOT","DEATH_1000BIRTH","A","2005",3.1,
"NOR","INFANTMORTALITY","TOT","DEATH_1000BIRTH","A","2006",3.2,
"NOR","INFANTMORTALITY","TOT","DEATH_1000BIRTH","A","2007",3.1,
"NOR","INFANTMORTALITY","TOT","DEATH_1000BIRTH","A","2008",2.7,
"NOR","INFANTMORTALITY","TOT","DEATH_1000BIRTH","A","2009",3.1,
"NOR","INFANTMORTALITY","TOT","DEATH_1000BIRTH","A","2010",2.8,
"NOR","INFANTMORTALITY","TOT","DEATH_1000BIRTH","A","2011",2.4,
"NOR","INFANTMORTALITY","TOT","DEATH_1000BIRTH","A","2012",2.5,
"POL","INFANTMORTALITY","TOT","DEATH_1000BIRTH","A","2005",6.4,
"POL","INFANTMORTALITY","TOT","DEATH_1000BIRTH","A","2006",6,
"POL","INFANTMORTALITY","TOT","DEATH_1000BIRTH","A","2007",6,
"POL","INFANTMORTALITY","TOT","DEATH_1000BIRTH","A","2008",5.6,
"POL","INFANTMORTALITY","TOT","DEATH_1000BIRTH","A","2009",5.6,
"POL","INFANTMORTALITY","TOT","DEATH_1000BIRTH","A","2010",5,
"POL","INFANTMORTALITY","TOT","DEATH_1000BIRTH","A","2011",4.7,
"POL","INFANTMORTALITY","TOT","DEATH_1000BIRTH","A","2012",4.6,
"PRT","INFANTMORTALITY","TOT","DEATH_1000BIRTH","A","2005",3.5,
"PRT","INFANTMORTALITY","TOT","DEATH_1000BIRTH","A","2006",3.3,
"PRT","INFANTMORTALITY","TOT","DEATH_1000BIRTH","A","2007",3.4,
"PRT","INFANTMORTALITY","TOT","DEATH_1000BIRTH","A","2008",3.3,
"PRT","INFANTMORTALITY","TOT","DEATH_1000BIRTH","A","2009",3.6,
"PRT","INFANTMORTALITY","TOT","DEATH_1000BIRTH","A","2010",2.5,
"PRT","INFANTMORTALITY","TOT","DEATH_1000BIRTH","A","2011",3.1,
"PRT","INFANTMORTALITY","TOT","DEATH_1000BIRTH","A","2012",3.4,
"SVK","INFANTMORTALITY","TOT","DEATH_1000BIRTH","A","2005",7.2,
"SVK","INFANTMORTALITY","TOT","DEATH_1000BIRTH","A","2006",6.6,
"SVK","INFANTMORTALITY","TOT","DEATH_1000BIRTH","A","2007",6.1,
"SVK","INFANTMORTALITY","TOT","DEATH_1000BIRTH","A","2008",5.9,
"SVK","INFANTMORTALITY","TOT","DEATH_1000BIRTH","A","2009",5.7,
"SVK","INFANTMORTALITY","TOT","DEATH_1000BIRTH","A","2010",5.7,
"SVK","INFANTMORTALITY","TOT","DEATH_1000BIRTH","A","2011",4.9,
"SVK","INFANTMORTALITY","TOT","DEATH_1000BIRTH","A","2012",5.8,
"ESP","INFANTMORTALITY","TOT","DEATH_1000BIRTH","A","2005",3.7,
"ESP","INFANTMORTALITY","TOT","DEATH_1000BIRTH","A","2006",3.5,
"ESP","INFANTMORTALITY","TOT","DEATH_1000BIRTH","A","2007",3.4,
"ESP","INFANTMORTALITY","TOT","DEATH_1000BIRTH","A","2008",3.3,
"ESP","INFANTMORTALITY","TOT","DEATH_1000BIRTH","A","2009",3.2,
"ESP","INFANTMORTALITY","TOT","DEATH_1000BIRTH","A","2010",3.2,
"ESP","INFANTMORTALITY","TOT","DEATH_1000BIRTH","A","2011",3.1,
"ESP","INFANTMORTALITY","TOT","DEATH_1000BIRTH","A","2012",3.1,
"SWE","INFANTMORTALITY","TOT","DEATH_1000BIRTH","A","2005",2.4,
"SWE","INFANTMORTALITY","TOT","DEATH_1000BIRTH","A","2006",2.8,
"SWE","INFANTMORTALITY","TOT","DEATH_1000BIRTH","A","2007",2.5,
"SWE","INFANTMORTALITY","TOT","DEATH_1000BIRTH","A","2008",2.5,
"SWE","INFANTMORTALITY","TOT","DEATH_1000BIRTH","A","2009",2.5,
"SWE","INFANTMORTALITY","TOT","DEATH_1000BIRTH","A","2010",2.5,
"SWE","INFANTMORTALITY","TOT","DEATH_1000BIRTH","A","2011",2.1,
"SWE","INFANTMORTALITY","TOT","DEATH_1000BIRTH","A","2012",2.6,
"CHE","INFANTMORTALITY","TOT","DEATH_1000BIRTH","A","2005",4.2,
"CHE","INFANTMORTALITY","TOT","DEATH_1000BIRTH","A","2006",4.4,
"CHE","INFANTMORTALITY","TOT","DEATH_1000BIRTH","A","2007",3.9,
"CHE","INFANTMORTALITY","TOT","DEATH_1000BIRTH","A","2008",4,
"CHE","INFANTMORTALITY","TOT","DEATH_1000BIRTH","A","2009",4.3,
"CHE","INFANTMORTALITY","TOT","DEATH_1000BIRTH","A","2010",3.8,
"CHE","INFANTMORTALITY","TOT","DEATH_1000BIRTH","A","2011",3.8,
"CHE","INFANTMORTALITY","TOT","DEATH_1000BIRTH","A","2012",3.6,
"TUR","INFANTMORTALITY","TOT","DEATH_1000BIRTH","A","2005",25.8,
"TUR","INFANTMORTALITY","TOT","DEATH_1000BIRTH","A","2006",24.5,
"TUR","INFANTMORTALITY","TOT","DEATH_1000BIRTH","A","2007",16.5,
"TUR","INFANTMORTALITY","TOT","DEATH_1000BIRTH","A","2008",15.7,
"TUR","INFANTMORTALITY","TOT","DEATH_1000BIRTH","A","2009",13.7,
"TUR","INFANTMORTALITY","TOT","DEATH_1000BIRTH","A","2010",12,
"TUR","INFANTMORTALITY","TOT","DEATH_1000BIRTH","A","2011",11.7,
"TUR","INFANTMORTALITY","TOT","DEATH_1000BIRTH","A","2012",11.6,
"GBR","INFANTMORTALITY","TOT","DEATH_1000BIRTH","A","2005",5.1,
"GBR","INFANTMORTALITY","TOT","DEATH_1000BIRTH","A","2006",4.9,
"GBR","INFANTMORTALITY","TOT","DEATH_1000BIRTH","A","2007",4.7,
"GBR","INFANTMORTALITY","TOT","DEATH_1000BIRTH","A","2008",4.6,
"GBR","INFANTMORTALITY","TOT","DEATH_1000BIRTH","A","2009",4.5,
"GBR","INFANTMORTALITY","TOT","DEATH_1000BIRTH","A","2010",4.2,
"GBR","INFANTMORTALITY","TOT","DEATH_1000BIRTH","A","2011",4.2,
"GBR","INFANTMORTALITY","TOT","DEATH_1000BIRTH","A","2012",4,
"USA","INFANTMORTALITY","TOT","DEATH_1000BIRTH","A","2005",6.9,
"USA","INFANTMORTALITY","TOT","DEATH_1000BIRTH","A","2006",6.7,
"USA","INFANTMORTALITY","TOT","DEATH_1000BIRTH","A","2007",6.8,
"USA","INFANTMORTALITY","TOT","DEATH_1000BIRTH","A","2008",6.6,
"USA","INFANTMORTALITY","TOT","DEATH_1000BIRTH","A","2009",6.4,
"USA","INFANTMORTALITY","TOT","DEATH_1000BIRTH","A","2010",6.1,
"USA","INFANTMORTALITY","TOT","DEATH_1000BIRTH","A","2011",6.1,
"USA","INFANTMORTALITY","TOT","DEATH_1000BIRTH","A","2012",6,
"BRA","INFANTMORTALITY","TOT","DEATH_1000BIRTH","A","2005",19.5,
"BRA","INFANTMORTALITY","TOT","DEATH_1000BIRTH","A","2006",18.2,
"BRA","INFANTMORTALITY","TOT","DEATH_1000BIRTH","A","2007",17.1,
"BRA","INFANTMORTALITY","TOT","DEATH_1000BIRTH","A","2008",16.2,
"BRA","INFANTMORTALITY","TOT","DEATH_1000BIRTH","A","2009",15.4,
"BRA","INFANTMORTALITY","TOT","DEATH_1000BIRTH","A","2010",14.8,
"BRA","INFANTMORTALITY","TOT","DEATH_1000BIRTH","A","2011",14.4,
"BRA","INFANTMORTALITY","TOT","DEATH_1000BIRTH","A","2012",14.3,
"CHL","INFANTMORTALITY","TOT","DEATH_1000BIRTH","A","2005",7.9,
"CHL","INFANTMORTALITY","TOT","DEATH_1000BIRTH","A","2006",7.6,
"CHL","INFANTMORTALITY","TOT","DEATH_1000BIRTH","A","2007",8.3,
"CHL","INFANTMORTALITY","TOT","DEATH_1000BIRTH","A","2008",7.8,
"CHL","INFANTMORTALITY","TOT","DEATH_1000BIRTH","A","2009",7.9,
"CHL","INFANTMORTALITY","TOT","DEATH_1000BIRTH","A","2010",7.4,
"CHL","INFANTMORTALITY","TOT","DEATH_1000BIRTH","A","2011",7.7,
"CHL","INFANTMORTALITY","TOT","DEATH_1000BIRTH","A","2012",7.4,
"CHN","INFANTMORTALITY","TOT","DEATH_1000BIRTH","A","2005",20.3,
"CHN","INFANTMORTALITY","TOT","DEATH_1000BIRTH","A","2006",18.7,
"CHN","INFANTMORTALITY","TOT","DEATH_1000BIRTH","A","2007",17.2,
"CHN","INFANTMORTALITY","TOT","DEATH_1000BIRTH","A","2008",15.8,
"CHN","INFANTMORTALITY","TOT","DEATH_1000BIRTH","A","2009",14.6,
"CHN","INFANTMORTALITY","TOT","DEATH_1000BIRTH","A","2010",13.5,
"CHN","INFANTMORTALITY","TOT","DEATH_1000BIRTH","A","2011",12.5,
"CHN","INFANTMORTALITY","TOT","DEATH_1000BIRTH","A","2012",11.5,
"EST","INFANTMORTALITY","TOT","DEATH_1000BIRTH","A","2005",5.4,
"EST","INFANTMORTALITY","TOT","DEATH_1000BIRTH","A","2006",4.4,
"EST","INFANTMORTALITY","TOT","DEATH_1000BIRTH","A","2007",5,
"EST","INFANTMORTALITY","TOT","DEATH_1000BIRTH","A","2008",5,
"EST","INFANTMORTALITY","TOT","DEATH_1000BIRTH","A","2009",3.6,
"EST","INFANTMORTALITY","TOT","DEATH_1000BIRTH","A","2010",3.3,
"EST","INFANTMORTALITY","TOT","DEATH_1000BIRTH","A","2011",2.5,
"EST","INFANTMORTALITY","TOT","DEATH_1000BIRTH","A","2012",3.6,
"IND","INFANTMORTALITY","TOT","DEATH_1000BIRTH","A","2005",55.8,
"IND","INFANTMORTALITY","TOT","DEATH_1000BIRTH","A","2006",53.9,
"IND","INFANTMORTALITY","TOT","DEATH_1000BIRTH","A","2007",51.9,
"IND","INFANTMORTALITY","TOT","DEATH_1000BIRTH","A","2008",50,
"IND","INFANTMORTALITY","TOT","DEATH_1000BIRTH","A","2009",48.2,
"IND","INFANTMORTALITY","TOT","DEATH_1000BIRTH","A","2010",46.3,
"IND","INFANTMORTALITY","TOT","DEATH_1000BIRTH","A","2011",44.4,
"IND","INFANTMORTALITY","TOT","DEATH_1000BIRTH","A","2012",42.6,
"IDN","INFANTMORTALITY","TOT","DEATH_1000BIRTH","A","2005",33.4,
"IDN","INFANTMORTALITY","TOT","DEATH_1000BIRTH","A","2006",32.1,
"IDN","INFANTMORTALITY","TOT","DEATH_1000BIRTH","A","2007",30.9,
"IDN","INFANTMORTALITY","TOT","DEATH_1000BIRTH","A","2008",29.7,
"IDN","INFANTMORTALITY","TOT","DEATH_1000BIRTH","A","2009",28.5,
"IDN","INFANTMORTALITY","TOT","DEATH_1000BIRTH","A","2010",27.4,
"IDN","INFANTMORTALITY","TOT","DEATH_1000BIRTH","A","2011",26.3,
"IDN","INFANTMORTALITY","TOT","DEATH_1000BIRTH","A","2012",25.3,
"ISR","INFANTMORTALITY","TOT","DEATH_1000BIRTH","A","2005",4.4,
"ISR","INFANTMORTALITY","TOT","DEATH_1000BIRTH","A","2006",4,
"ISR","INFANTMORTALITY","TOT","DEATH_1000BIRTH","A","2007",3.9,
"ISR","INFANTMORTALITY","TOT","DEATH_1000BIRTH","A","2008",3.8,
"ISR","INFANTMORTALITY","TOT","DEATH_1000BIRTH","A","2009",3.8,
"ISR","INFANTMORTALITY","TOT","DEATH_1000BIRTH","A","2010",3.7,
"ISR","INFANTMORTALITY","TOT","DEATH_1000BIRTH","A","2011",3.5,
"ISR","INFANTMORTALITY","TOT","DEATH_1000BIRTH","A","2012",3.6,
"RUS","INFANTMORTALITY","TOT","DEATH_1000BIRTH","A","2005",11,
"RUS","INFANTMORTALITY","TOT","DEATH_1000BIRTH","A","2006",10.2,
"RUS","INFANTMORTALITY","TOT","DEATH_1000BIRTH","A","2007",9.4,
"RUS","INFANTMORTALITY","TOT","DEATH_1000BIRTH","A","2008",8.5,
"RUS","INFANTMORTALITY","TOT","DEATH_1000BIRTH","A","2009",8.1,
"RUS","INFANTMORTALITY","TOT","DEATH_1000BIRTH","A","2010",7.5,
"RUS","INFANTMORTALITY","TOT","DEATH_1000BIRTH","A","2011",7.4,
"RUS","INFANTMORTALITY","TOT","DEATH_1000BIRTH","A","2012",8.6,"B"
"SVN","INFANTMORTALITY","TOT","DEATH_1000BIRTH","A","2005",4.1,
"SVN","INFANTMORTALITY","TOT","DEATH_1000BIRTH","A","2006",3.4,
"SVN","INFANTMORTALITY","TOT","DEATH_1000BIRTH","A","2007",2.8,
"SVN","INFANTMORTALITY","TOT","DEATH_1000BIRTH","A","2008",2.4,
"SVN","INFANTMORTALITY","TOT","DEATH_1000BIRTH","A","2009",2.4,
"SVN","INFANTMORTALITY","TOT","DEATH_1000BIRTH","A","2010",2.5,
"SVN","INFANTMORTALITY","TOT","DEATH_1000BIRTH","A","2011",2.9,
"SVN","INFANTMORTALITY","TOT","DEATH_1000BIRTH","A","2012",1.6,
"ZAF","INFANTMORTALITY","TOT","DEATH_1000BIRTH","A","2005",51.5,
"ZAF","INFANTMORTALITY","TOT","DEATH_1000BIRTH","A","2006",50,
"ZAF","INFANTMORTALITY","TOT","DEATH_1000BIRTH","A","2007",48.6,
"ZAF","INFANTMORTALITY","TOT","DEATH_1000BIRTH","A","2008",46.6,
"ZAF","INFANTMORTALITY","TOT","DEATH_1000BIRTH","A","2009",41.1,
"ZAF","INFANTMORTALITY","TOT","DEATH_1000BIRTH","A","2010",38.2,
"ZAF","INFANTMORTALITY","TOT","DEATH_1000BIRTH","A","2011",37.1,
"ZAF","INFANTMORTALITY","TOT","DEATH_1000BIRTH","A","2012",36.8,
"COL","INFANTMORTALITY","TOT","DEATH_1000BIRTH","A","2005",18.4,
"COL","INFANTMORTALITY","TOT","DEATH_1000BIRTH","A","2006",17.8,
"COL","INFANTMORTALITY","TOT","DEATH_1000BIRTH","A","2007",17.3,
"COL","INFANTMORTALITY","TOT","DEATH_1000BIRTH","A","2008",16.9,
"COL","INFANTMORTALITY","TOT","DEATH_1000BIRTH","A","2009",16.4,
"COL","INFANTMORTALITY","TOT","DEATH_1000BIRTH","A","2010",15.9,
"COL","INFANTMORTALITY","TOT","DEATH_1000BIRTH","A","2011",15.4,
"COL","INFANTMORTALITY","TOT","DEATH_1000BIRTH","A","2012",14.9,
"LVA","INFANTMORTALITY","TOT","DEATH_1000BIRTH","A","2005",7.7,
"LVA","INFANTMORTALITY","TOT","DEATH_1000BIRTH","A","2006",7.4,
"LVA","INFANTMORTALITY","TOT","DEATH_1000BIRTH","A","2007",8.5,
"LVA","INFANTMORTALITY","TOT","DEATH_1000BIRTH","A","2008",6.6,
"LVA","INFANTMORTALITY","TOT","DEATH_1000BIRTH","A","2009",7.6,
"LVA","INFANTMORTALITY","TOT","DEATH_1000BIRTH","A","2010",5.6,
"LVA","INFANTMORTALITY","TOT","DEATH_1000BIRTH","A","2011",6.6,
"LVA","INFANTMORTALITY","TOT","DEATH_1000BIRTH","A","2012",6.3,
"LTU","INFANTMORTALITY","TOT","DEATH_1000BIRTH","A","2005",7.1,
"LTU","INFANTMORTALITY","TOT","DEATH_1000BIRTH","A","2006",7.2,
"LTU","INFANTMORTALITY","TOT","DEATH_1000BIRTH","A","2007",6.3,
"LTU","INFANTMORTALITY","TOT","DEATH_1000BIRTH","A","2008",5.5,
"LTU","INFANTMORTALITY","TOT","DEATH_1000BIRTH","A","2009",5.6,
"LTU","INFANTMORTALITY","TOT","DEATH_1000BIRTH","A","2010",5,
"LTU","INFANTMORTALITY","TOT","DEATH_1000BIRTH","A","2011",4.8,
"LTU","INFANTMORTALITY","TOT","DEATH_1000BIRTH","A","2012",3.9,
"CRI","INFANTMORTALITY","TOT","DEATH_1000BIRTH","A","2005",9,
"CRI","INFANTMORTALITY","TOT","DEATH_1000BIRTH","A","2006",8.9,
"CRI","INFANTMORTALITY","TOT","DEATH_1000BIRTH","A","2007",8.9,
"CRI","INFANTMORTALITY","TOT","DEATH_1000BIRTH","A","2008",8.9,
"CRI","INFANTMORTALITY","TOT","DEATH_1000BIRTH","A","2009",8.9,
"CRI","INFANTMORTALITY","TOT","DEATH_1000BIRTH","A","2010",8.9,
"CRI","INFANTMORTALITY","TOT","DEATH_1000BIRTH","A","2011",8.8,
"CRI","INFANTMORTALITY","TOT","DEATH_1000BIRTH","A","2012",8.8,
